{"count":1,"self":1321.974784,"total":1322.0952856,"children":{"AgentResetIfDone":{"count":177,"self":0.0027364999999999998,"total":0.0027364999999999998,"children":null},"AgentSendState":{"count":177,"self":0.0065458999999999995,"total":0.019452,"children":{"CollectObservations":{"count":216,"self":0.0129061,"total":0.0129061,"children":null}}},"DecideAction":{"count":177,"self":0.0910068,"total":0.0910068,"children":null},"AcademyStep":{"count":177,"self":0.0009888,"total":0.0009888,"children":null},"AgentAct":{"count":177,"self":0.0052823,"total":0.0052823,"children":null}}}