{"cameraMode":{"drawMode":0,"name":"Shaded","section":"Shading Mode"},"sceneLighting":false,"audioPlay":false,"sceneViewState":{"showFog":false,"showMaterialUpdate":false,"showSkybox":false,"showFlares":false,"showImageEffects":false,"showParticleSystems":false},"in2DMode":false,"pivot":{"x":-0.15000534057617188,"y":5.0,"z":0.17999649047851563},"rotation":{"x":0.787920355796814,"y":0.02397913485765457,"z":-0.030744539573788644,"w":0.6145423054695129},"size":371.61151123046877,"orthographic":false}