{"cameraMode":{"drawMode":0,"name":"Shaded","section":"Shading Mode"},"sceneLighting":false,"audioPlay":false,"sceneViewState":{"showFog":false,"showMaterialUpdate":false,"showSkybox":false,"showFlares":false,"showImageEffects":false,"showParticleSystems":false},"in2DMode":false,"pivot":{"x":-1.9221205711364747,"y":2.916891574859619,"z":2.0809504985809328},"rotation":{"x":0.27698057889938357,"y":-0.06910869479179383,"z":0.019977306947112085,"w":0.9581837058067322},"size":13.078418731689454,"orthographic":false}