{"cameraMode":{"drawMode":0,"name":"Shaded","section":"Shading Mode"},"sceneLighting":false,"audioPlay":false,"sceneViewState":{"showFog":true,"showMaterialUpdate":false,"showSkybox":true,"showFlares":true,"showImageEffects":true,"showParticleSystems":true},"in2DMode":false,"pivot":{"x":-10.848621368408204,"y":-27.114547729492189,"z":18.993995666503908},"rotation":{"x":0.39869898557662966,"y":-0.5868735909461975,"z":0.40643277764320376,"w":0.5757116675376892},"size":138.4779510498047,"orthographic":false}