{"cameraMode":{"drawMode":0,"name":"Shaded","section":"Shading Mode"},"sceneLighting":true,"audioPlay":false,"sceneViewState":{"showFog":true,"showMaterialUpdate":false,"showSkybox":true,"showFlares":true,"showImageEffects":true,"showParticleSystems":true},"in2DMode":false,"pivot":{"x":5.960324764251709,"y":-33.36822509765625,"z":92.39265441894531},"rotation":{"x":0.3226282298564911,"y":-0.0008487433660775423,"z":0.0002947289030998945,"w":0.946540355682373},"size":266.3369140625,"orthographic":false}