{"cameraMode":{"drawMode":0,"name":"Shaded","section":"Shading Mode"},"sceneLighting":false,"audioPlay":false,"sceneViewState":{"showFog":true,"showMaterialUpdate":false,"showSkybox":false,"showFlares":true,"showImageEffects":true,"showParticleSystems":true},"in2DMode":false,"pivot":{"x":-1.0924286842346192,"y":-0.2167700082063675,"z":-0.9873868823051453},"rotation":{"x":0.36419737339019778,"y":0.02374495379626751,"z":-0.009289049543440342,"w":0.930972695350647},"size":82.6666259765625,"orthographic":false}